Place of interest,Type of place,Place address,Distance from parking in mts,BiciPARK station,BiciPARK address
"A (mas) ECU control urbanístico, S.L. Entidad Colaboradora",Instalaciones accesibles NO municipales,Calle Añastro 11 Planta Baja Puerta 10,1815.4,Bicipark Recuerdo,"Calle Hiedra, 26"
"APFMPS, Residencia, centro de día y centro ocupacional Instituto Doctor Quintero Lumbreras",Instalaciones accesibles NO municipales,Carretera Colmenar Viejo 13.6,7561.77,Bicipark Pitis,"Calle Pau Arroyo del Fresno, 181"
ASPAYM Madrid (Asociación de Parapléjicos y Personas con Gran Discapacidad Física de la Comunidad de Madrid),Instalaciones accesibles NO municipales,Camino Valderribas 115,4678.14,Bicipark Montalban,"Calle de Montalbán, 5"
Administración Ciudad Lineal. AEAT,Instalaciones accesibles NO municipales,Calle Uruguay 16,2079.97,Bicipark Recuerdo,"Calle Hiedra, 26"
Administración Fermín Caballero. AEAT,Instalaciones accesibles NO municipales,Calle Fermin Caballero 66,2143.86,Bicipark Pitis,"Calle Pau Arroyo del Fresno, 181"
Administración Guzmán el Bueno. AEAT,Instalaciones accesibles NO municipales,Calle Guzman El Bueno 139,2235.36,Bicipark Orense,"Avenida General Perón, 27"
Administración María de Molina. AEAT,Instalaciones accesibles NO municipales,Calle Nuñez De Balboa 116,813.83,Bicipark Salamanca,Pl. del Marqués de Salamanca
Administración Montalbán. AEAT,Instalaciones accesibles NO municipales,Calle Montalban 6,29.74,Bicipark Montalban,"Calle de Montalbán, 5"
Administración Sudeste. AEAT,Instalaciones accesibles NO municipales,Calle Camino De Los Vinateros 51,3554.96,Bicipark Salamanca,Pl. del Marqués de Salamanca
Administración Suroeste. AEAT,Instalaciones accesibles NO municipales,Calle Aguacate 27,4471.75,Bicipark Aviación,Parking Aviación Española
Aeropuerto Adolfo Suarez Madrid -  Barajas,Instalaciones accesibles NO municipales,Avenida Hispanidad,10582.26,Bicipark Fuente de la Mora,Estación de Fuente de la Mora
Alicia Koplowitz Centro de día y centro residencial de Esclerosis Múltiple de la Comunidad de Madrid,Instalaciones accesibles NO municipales,Bulevar Jose Prat 40,7642.11,Bicipark Salamanca,Pl. del Marqués de Salamanca
Aparcamiento público Saba Estación Ferroviaria Madrid Chamartín,Instalaciones accesibles NO municipales,Calle Agustin De Foxa 34,682.45,Bicipark Recuerdo,"Calle Hiedra, 26"
Aparcamiento público Saba Estación Madrid Atocha P2 y P3,Instalaciones accesibles NO municipales,Paseo Infanta Isabel  Sin Número,1440.11,Bicipark Montalban,"Calle de Montalbán, 5"
Aparcamiento público de Metro de Madrid. Miguel Hernández,Instalaciones accesibles NO municipales,Avenida Albufera 270,6504.25,Bicipark Salamanca,Pl. del Marqués de Salamanca
Aparcamiento público. Plaza Ramón y Cajal (Ciudad Universitaria),Instalaciones accesibles NO municipales,Plaza Ramon Y Cajal 1,3724.8,Bicipark Orense,"Avenida General Perón, 27"
"Asociación esclerosis múltiple Madrid, centro de rehabilitación",Instalaciones accesibles NO municipales,Calle Sangenjo 36 Planta 1º,2762.95,Bicipark Recuerdo,"Calle Hiedra, 26"
Auditorio Nacional de Música,Instalaciones accesibles NO municipales,Calle Principe De Vergara 146,1769.09,Bicipark Salamanca,Pl. del Marqués de Salamanca
Biblioteca Central y Servicio de Documentación del Ministerio del Interior,Instalaciones accesibles NO municipales,Calle Amador De Los Rios 7,332.03,Bicipark Villa de Paris,"Calle de Orellana, 23, 21"
Biblioteca Nacional de España,Instalaciones accesibles NO municipales,Paseo Recoletos 20,334.18,Bicipark Recoletos,"Paseo de Recoletos, 2"
Biblioteca Pública Antonio Mingote (Latina),Instalaciones accesibles NO municipales,Calle Rafael Finat 51,1653.11,Bicipark Aviación,Parking Aviación Española
Biblioteca Pública Elena Fortún (Retiro),Instalaciones accesibles NO municipales,Calle Doctor Esquerdo 189,2613.9,Bicipark Montalban,"Calle de Montalbán, 5"
Biblioteca Pública Hortaleza,Instalaciones accesibles NO municipales,Calle Abertura 2,1716.31,Bicipark Fuente de la Mora,Estación de Fuente de la Mora
Biblioteca Pública Javier Marías (Moratalaz),Instalaciones accesibles NO municipales,Calle Corregidor Alonso De Tobar 5,4425.69,Bicipark Salamanca,Pl. del Marqués de Salamanca
Biblioteca Pública José Hierro (Usera),Instalaciones accesibles NO municipales,Avenida Rafaela Ybarra 43,4603.19,Bicipark Montalban,"Calle de Montalbán, 5"
Biblioteca Pública José Luis Sampedro (Chamberí),Instalaciones accesibles NO municipales,Calle Felipe El Hermoso 4,942.23,Bicipark Almagro,"Calle Almagro, 11"
Biblioteca Pública Luis Martín Santos (Villa de Vallecas),Instalaciones accesibles NO municipales,Plaza Antonio Maria Segovia 2,9144.09,Bicipark Salamanca,Pl. del Marqués de Salamanca
Biblioteca Pública Luis Rosales (Carabanchel),Instalaciones accesibles NO municipales,Calle Antonia Rodriguez Sacristan 7 Y 9,4129.23,Bicipark Aviación,Parking Aviación Española
Biblioteca Pública María Moliner (Villaverde),Instalaciones accesibles NO municipales,Calle Villalonso 16,7937.37,Bicipark Montalban,"Calle de Montalbán, 5"
Biblioteca Pública Miguel Hernández (Puente de Vallecas),Instalaciones accesibles NO municipales,Avenida Rafael Alberti 36,6509.1,Bicipark Salamanca,Pl. del Marqués de Salamanca
Biblioteca Pública Pedro Salinas (Centro),Instalaciones accesibles NO municipales,Glorieta Puerta De Toledo 1,2564.35,Bicipark Recoletos,"Paseo de Recoletos, 2"
Biblioteca Pública Rafael Alberti (Fuencarral - El Pardo),Instalaciones accesibles NO municipales,Calle Sangenjo 38,2785.14,Bicipark Recuerdo,"Calle Hiedra, 26"
Biblioteca Pública Ruiz Egea (Chamberí),Instalaciones accesibles NO municipales,Calle Raimundo Fernandez Villaverde 6,1227.49,Bicipark Orense,"Avenida General Perón, 27"
Biblioteca Pública del Estado Manuel Alvar  (Salamanca),Instalaciones accesibles NO municipales,Calle Azcona 42,1225.56,Bicipark Salamanca,Pl. del Marqués de Salamanca
Biblioteca de la Facultad de Derecho de la Universidad Complutense de Madrid,Instalaciones accesibles NO municipales,Plaza Menendez Pelayo 4,4123.8,Bicipark Orense,"Avenida General Perón, 27"
Biblioteca de la Real Academia de Jurisprudencia y Legislación,Instalaciones accesibles NO municipales,Calle Marques De Cubas 13,482.96,Bicipark Recoletos,"Paseo de Recoletos, 2"
Biblioteca del Centro de Estudios Políticos y Constitucionales,Instalaciones accesibles NO municipales,Plaza Marina Española 9,2163.84,Bicipark Villa de Paris,"Calle de Orellana, 23, 21"
Biblioteca del Congreso de los Diputados,Instalaciones accesibles NO municipales,Calle Floridablanca 1,703.07,Bicipark Recoletos,"Paseo de Recoletos, 2"
Biblioteca del Consejo General del Poder judicial,Instalaciones accesibles NO municipales,Calle Marques De La Ensenada 8,210.18,Bicipark Villa de Paris,"Calle de Orellana, 23, 21"
Biblioteca del Defensor del Pueblo,Instalaciones accesibles NO municipales,Calle Fortuny 22,454.52,Bicipark Almagro,"Calle Almagro, 11"
Biblioteca del Instituto Nacional de la Administración Pública (INAP),Instalaciones accesibles NO municipales,Calle Atocha 106,1001.35,Bicipark Montalban,"Calle de Montalbán, 5"
Biblioteca del Senado,Instalaciones accesibles NO municipales,Calle Bailen 3,2153.34,Bicipark Villa de Paris,"Calle de Orellana, 23, 21"
Biblioteca del Tribunal Supremo,Instalaciones accesibles NO municipales,Plaza Villa De Paris 1,105.83,Bicipark Villa de Paris,"Calle de Orellana, 23, 21"
Biblioteca del Tribunal de Cuentas,Instalaciones accesibles NO municipales,Calle Jose Ortega Y Gasset 100,929.01,Bicipark Salamanca,Pl. del Marqués de Salamanca
CaixaForum Madrid,Instalaciones accesibles NO municipales,Paseo Prado 36,845.87,Bicipark Montalban,"Calle de Montalbán, 5"
Capilla de San Isidro,Instalaciones accesibles NO municipales,Calle Aguila 1,2479.06,Bicipark Recoletos,"Paseo de Recoletos, 2"
Casa de México,Instalaciones accesibles NO municipales,Calle Alberto Aguilera 20,1837.85,Bicipark Villa de Paris,"Calle de Orellana, 23, 21"
Casón del Buen Retiro.,Instalaciones accesibles NO municipales,Calle Alfonso Xii 28,364.05,Bicipark Montalban,"Calle de Montalbán, 5"
Centro Concertado de Atención a las Adicciones (CCAD) Casa de Campo (Cruz Roja),Instalaciones accesibles NO municipales,Avenida Portugal,3533.61,Bicipark Villa de Paris,"Calle de Orellana, 23, 21"
Centro de Atención e Información de la Agencia de la Seguridad Social (CAISS) nº 13 Centro,Instalaciones accesibles NO municipales,Calle Cedaceros 11,779.19,Bicipark Recoletos,"Paseo de Recoletos, 2"
Centro de Día Privado 'Casa de las Flores',Instalaciones accesibles NO municipales,Calle Rodriguez San Pedro 72,2647.79,Bicipark Villa de Paris,"Calle de Orellana, 23, 21"
Centro de Día Privado 'DomusVi Albufera',Instalaciones accesibles NO municipales,Calle Sierra De Alcubierre 8,3875.64,Bicipark Montalban,"Calle de Montalbán, 5"
Centro de Día Privado 'DomusVi Maestranza',Instalaciones accesibles NO municipales,Calle Tellez 30 Planta Posterior - Local 16,2204.51,Bicipark Montalban,"Calle de Montalbán, 5"
Centro de Día Privado 'Florencia',Instalaciones accesibles NO municipales,Calle Florencia 24,6605.41,Bicipark Salamanca,Pl. del Marqués de Salamanca
Centro de Día Privado 'Los Nogales Hortaleza',Instalaciones accesibles NO municipales,Calle Alcobendas 12,2535.5,Bicipark Fuente de la Mora,Estación de Fuente de la Mora
Centro de Día Privado 'Muguet',Instalaciones accesibles NO municipales,Calle Muguet 7,4415.08,Bicipark Aviación,Parking Aviación Española
Centro de Día Privado 'Reina Sofía',Instalaciones accesibles NO municipales,Calle Infanta Mercedes 26,574.03,Bicipark Orense,"Avenida General Perón, 27"
Centro de Día Privado 'Sanivida Arganzuela',Instalaciones accesibles NO municipales,Calle Puerto De La Cruz Verde 14 Planta Bajo,3519.64,Bicipark Montalban,"Calle de Montalbán, 5"
Centro de Día Privado 'Sanivida Chamberí',Instalaciones accesibles NO municipales,Calle Palafox 17 Planta Bajo,962.28,Bicipark Almagro,"Calle Almagro, 11"
Centro de Día Privado 'Trébol',Instalaciones accesibles NO municipales,Calle Palomares 71,8255.75,Bicipark Montalban,"Calle de Montalbán, 5"
Centro de Educación Especial El Despertar,Instalaciones accesibles NO municipales,Calle Adonis 1,1145.82,Bicipark Aviación,Parking Aviación Española
Centro de Educación de Personas Adultas (CEPA) Distrito Centro,Instalaciones accesibles NO municipales,Calle San Bernardo 70 Planta 2,1426.2,Bicipark Villa de Paris,"Calle de Orellana, 23, 21"
Centro de Educación de Personas Adultas (CEPA) Hortaleza - Mar Amarillo,Instalaciones accesibles NO municipales,Calle Mar Amarillo 21,2694.72,Bicipark Fuente de la Mora,Estación de Fuente de la Mora
Centro de Natación Mundial 86 (M - 86),Instalaciones accesibles NO municipales,Calle Jose Martinez De Velasco 3,2120.33,Bicipark Salamanca,Pl. del Marqués de Salamanca
Centro de atención e información de la Agencia de la Seguridad Social (CAISS) nº 14 Maldonado,Instalaciones accesibles NO municipales,Calle Maldonado 2,855.58,Bicipark Almagro,"Calle Almagro, 11"
Centro de atención e información de la Agencia de la Seguridad Social (CAISS) nº 15 Delicias - Usera,Instalaciones accesibles NO municipales,Calle Amor Hermoso 52 Y 54,4005.81,Bicipark Montalban,"Calle de Montalbán, 5"
Centro de atención e información de la Agencia de la Seguridad Social (CAISS) nº 4 Vallecas,Instalaciones accesibles NO municipales,Calle Picos De Europa 49,4473.02,Bicipark Montalban,"Calle de Montalbán, 5"
Centro de atención e información de la Agencia de la Seguridad Social (CAISS) nº 5 Ciudad Lineal,Instalaciones accesibles NO municipales,Calle Miguel Fleta 3,5239.14,Bicipark Salamanca,Pl. del Marqués de Salamanca
Centro de atención e información de la Agencia de la Seguridad Social (CAISS) nº 7 Carabanchel,Instalaciones accesibles NO municipales,Avenida Pedro Diez 19,5372.95,Bicipark Montalban,"Calle de Montalbán, 5"
Centro de atención e información de la Agencia de la Seguridad Social (CAISS) nº 8 Villaverde,Instalaciones accesibles NO municipales,Avenida Real De Pinto 7 Y 9,7952.73,Bicipark Montalban,"Calle de Montalbán, 5"
Centro de donación de sangre de Cruz Roja,Instalaciones accesibles NO municipales,Calle Juan Montalvo 3,1878.71,Bicipark Orense,"Avenida General Perón, 27"
Centro de donación de sangre de Cruz Roja Fin de Semana,Instalaciones accesibles NO municipales,Calle Fuencarral 120,1082.28,Bicipark Almagro,"Calle Almagro, 11"
Centro de día Argüelles,Instalaciones accesibles NO municipales,Calle Andres Mellado 31,2449.34,Bicipark Almagro,"Calle Almagro, 11"
Centro de día Funprodami,Instalaciones accesibles NO municipales,Calle Garcia Miranda 4,4909.8,Bicipark Montalban,"Calle de Montalbán, 5"
Centro de día San Alfonso,Instalaciones accesibles NO municipales,Avenida Rafaela Ybarra 75 Planta Bajo,4988.67,Bicipark Montalban,"Calle de Montalbán, 5"
Centro de día para mayores Saraiva,Instalaciones accesibles NO municipales,Calle Fundadores 10,1477.39,Bicipark Salamanca,Pl. del Marqués de Salamanca
Centro de día y centro de rehabilitación Fundación Manantial para personas con trastorno mental grave de Barajas,Instalaciones accesibles NO municipales,Plaza Hermanos Falco Y Alvarez De Toledo 1,9564.14,Bicipark Fuente de la Mora,Estación de Fuente de la Mora
Centro de día y centro ocupacional para la atención al funcionamiento de personas con patología dual Pardo Valcarce,Instalaciones accesibles NO municipales,Calle Monasterio De Las Huelgas 15,2023.56,Bicipark Pitis,"Calle Pau Arroyo del Fresno, 181"
Centro de día y residencia Medinaceli para personas con discapacidad intelectual,Instalaciones accesibles NO municipales,Calle Estudiantes 3,2191.72,Bicipark Orense,"Avenida General Perón, 27"
"Centro de día, centro ocupacional y residencia APADEMA",Instalaciones accesibles NO municipales,Calle Moralzarzal 73,1073.36,Bicipark Pitis,"Calle Pau Arroyo del Fresno, 181"
Centro de enseñanza CESUR - Madrid II,Instalaciones accesibles NO municipales,Calle Albarracin 27,5236.55,Bicipark Salamanca,Pl. del Marqués de Salamanca
Centro de rehabilitación INDANE,Instalaciones accesibles NO municipales,Calle Vallehermoso 100 Planta Baja,1983.07,Bicipark Almagro,"Calle Almagro, 11"
Centro de rehabilitación Orpea Madrid Mirasierra,Instalaciones accesibles NO municipales,Avenida Ventisquero De La Condesa 46 Planta Baja,792.08,Bicipark Pitis,"Calle Pau Arroyo del Fresno, 181"
Centro de rehabilitación y recuperación y residencia Medinaceli,Instalaciones accesibles NO municipales,Calle Ramirez Tome 38,5886.44,Bicipark Salamanca,Pl. del Marqués de Salamanca
Centro ocupacional y residencia Carabanchel,Instalaciones accesibles NO municipales,Calle General Ricardos 177,5269.72,Bicipark Aviación,Parking Aviación Española
Centro ocupacional y residencia Fundación ALAS Madrid,Instalaciones accesibles NO municipales,Calle Encomienda De Palacios 235,6048.14,Bicipark Salamanca,Pl. del Marqués de Salamanca
Cine Cinesa Las Rosas,Instalaciones accesibles NO municipales,Avenida Guadalajara 2,6456.77,Bicipark Salamanca,Pl. del Marqués de Salamanca
Cine Cinesa Manoteras,Instalaciones accesibles NO municipales,Avenida Manoteras 40,301.68,Bicipark Fuente de la Mora,Estación de Fuente de la Mora
Cine Cinesa Méndez Álvaro,Instalaciones accesibles NO municipales,Calle Acanto 2,2944.49,Bicipark Montalban,"Calle de Montalbán, 5"
Cine Cinesa Proyecciones,Instalaciones accesibles NO municipales,Calle Fuencarral 136,1162.91,Bicipark Almagro,"Calle Almagro, 11"
Cine La Vaguada,Instalaciones accesibles NO municipales,Avenida Monforte De Lemos 36,2644.45,Bicipark Pitis,"Calle Pau Arroyo del Fresno, 181"
Club Deportivo Somontes,Instalaciones accesibles NO municipales,Carretera El Pardo 43,3624.9,Bicipark Pitis,"Calle Pau Arroyo del Fresno, 181"
Colegio Comunidad Infantil Villaverde,Instalaciones accesibles NO municipales,Calle Villastar 10,8649.93,Bicipark Montalban,"Calle de Montalbán, 5"
Colegio Diocesano Cristo de la Guía,Instalaciones accesibles NO municipales,Calle Ezcaray 3,7636.96,Bicipark Salamanca,Pl. del Marqués de Salamanca
Colegio El Valle II,Instalaciones accesibles NO municipales,Calle Ana De Austria 60,2041.05,Bicipark Fuente de la Mora,Estación de Fuente de la Mora
Colegio Internacional J.H. Newman,Instalaciones accesibles NO municipales,Avenida Guadalajara 28,7168.11,Bicipark Salamanca,Pl. del Marqués de Salamanca
Colegio Jesús María. Calle Hermanos García Noblejas 68,Instalaciones accesibles NO municipales,Calle Hermanos Garcia Noblejas 68,5210.76,Bicipark Salamanca,Pl. del Marqués de Salamanca
Colegio Juan de Valdés,Instalaciones accesibles NO municipales,Avenida Canillejas A Vicalvaro 135,7724.63,Bicipark Salamanca,Pl. del Marqués de Salamanca
Colegio La Salle-La Paloma - Fundación Lara,Instalaciones accesibles NO municipales,Calle Paloma 21,2576.28,Bicipark Recoletos,"Paseo de Recoletos, 2"
Colegio Liceo Sorolla B,Instalaciones accesibles NO municipales,Calle Nueva Zelanda 21,3291.61,Bicipark Pitis,"Calle Pau Arroyo del Fresno, 181"
Colegio Mayor Alcor,Instalaciones accesibles NO municipales,Calle General Ampudia 7,2617.16,Bicipark Orense,"Avenida General Perón, 27"
Colegio Mayor Aquinas (Santo Tomás de Aquino),Instalaciones accesibles NO municipales,Calle Leonardo Prieto Castro 6,3118.78,Bicipark Orense,"Avenida General Perón, 27"
Colegio Mayor Chaminade,Instalaciones accesibles NO municipales,Paseo Juan Xxiii 9,2729.43,Bicipark Orense,"Avenida General Perón, 27"
Colegio Mayor Fundación SEPI,Instalaciones accesibles NO municipales,Avenida Gregorio Del Amo 2,2861.36,Bicipark Orense,"Avenida General Perón, 27"
Colegio Mayor Juan Luis Vives,Instalaciones accesibles NO municipales,Calle Francisco Suarez 7,1038.39,Bicipark Recuerdo,"Calle Hiedra, 26"
Colegio Mayor Juan XXIII Roncalli,Instalaciones accesibles NO municipales,Calle Ramiro De Maeztu 3,2728.29,Bicipark Orense,"Avenida General Perón, 27"
Colegio Mayor Loyola,Instalaciones accesibles NO municipales,Paseo Juan Xxiii 17,2420.12,Bicipark Orense,"Avenida General Perón, 27"
Colegio Mayor Marqués de la Ensenada,Instalaciones accesibles NO municipales,Avenida Seneca 18,4552.39,Bicipark Villa de Paris,"Calle de Orellana, 23, 21"
Colegio Mayor Nuestra Señora de Guadalupe,Instalaciones accesibles NO municipales,Avenida Seneca 4,3707.59,Bicipark Almagro,"Calle Almagro, 11"
Colegio Mayor Nuestra Señora de África,Instalaciones accesibles NO municipales,Calle Ramiro De Maeztu 8,3150.01,Bicipark Orense,"Avenida General Perón, 27"
Colegio Mayor Padre Poveda,Instalaciones accesibles NO municipales,Calle Isaac Peral 60,3016.04,Bicipark Orense,"Avenida General Perón, 27"
Colegio Mayor Santa María del Pino,Instalaciones accesibles NO municipales,Paseo San Francisco De Sales 13,2836.39,Bicipark Almagro,"Calle Almagro, 11"
Colegio Mayor Santa Teresa de Jesús,Instalaciones accesibles NO municipales,Avenida Seneca 12,4237.92,Bicipark Almagro,"Calle Almagro, 11"
Colegio Mayor Universitario San Agustín,Instalaciones accesibles NO municipales,Travesia Antonio Nebrija 4,3938.22,Bicipark Almagro,"Calle Almagro, 11"
Colegio Mayor Universitario San Pablo,Instalaciones accesibles NO municipales,Calle Isaac Peral 58,3007.13,Bicipark Orense,"Avenida General Perón, 27"
Colegio Mayor Vedruna,Instalaciones accesibles NO municipales,Glorieta Presidente Garcia Moreno 2,2492.38,Bicipark Orense,"Avenida General Perón, 27"
Colegio Mayor África,Instalaciones accesibles NO municipales,Calle Ramiro De Maeztu 2,2621.26,Bicipark Orense,"Avenida General Perón, 27"
Colegio Oficial de Arquitectos de Madrid (COAM),Instalaciones accesibles NO municipales,Calle Hortaleza 63,560.99,Bicipark Villa de Paris,"Calle de Orellana, 23, 21"
Colegio Patrocinio de San José,Instalaciones accesibles NO municipales,Calle Edgar Neville 24,436.99,Bicipark Orense,"Avenida General Perón, 27"
Colegio Público Arquitecto Gaudí,Instalaciones accesibles NO municipales,Calle Rosa Jardon 10,1347.36,Bicipark Recuerdo,"Calle Hiedra, 26"
Colegio Público Ciudad de Jaén,Instalaciones accesibles NO municipales,Calle Madre Rosa Blanco 3,5203.89,Bicipark Montalban,"Calle de Montalbán, 5"
Colegio Público Escuelas Bosque,Instalaciones accesibles NO municipales,Avenida Santo Angel De La Guarda 4,2184.45,Bicipark Orense,"Avenida General Perón, 27"
Colegio Público Felipe II,Instalaciones accesibles NO municipales,Avenida Asturias 70,2278.6,Bicipark Recuerdo,"Calle Hiedra, 26"
Colegio Público Fernando el Católico,Instalaciones accesibles NO municipales,Calle Fernando El Catolico 16,1926.4,Bicipark Almagro,"Calle Almagro, 11"
Colegio Público Fontarrón,Instalaciones accesibles NO municipales,Calle Arroyo Fontarron 24,6420.61,Bicipark Salamanca,Pl. del Marqués de Salamanca
Colegio Público Isabel la Católica,Instalaciones accesibles NO municipales,Calle Barcelo 2,681.89,Bicipark Villa de Paris,"Calle de Orellana, 23, 21"
Colegio Público Jorge Guillén,Instalaciones accesibles NO municipales,Avenida El Ferrol 47,2925.51,Bicipark Orense,"Avenida General Perón, 27"
Colegio Público Legado Crespo,Instalaciones accesibles NO municipales,Paseo Acacias 2,2085.81,Bicipark Montalban,"Calle de Montalbán, 5"
Colegio Público Leopoldo Alas,Instalaciones accesibles NO municipales,Calle Pedrezuela 18,2880.4,Bicipark Salamanca,Pl. del Marqués de Salamanca
Colegio Público Loyola de Palacio,Instalaciones accesibles NO municipales,Calle Embalse De Navacerrada 60,11883.83,Bicipark Salamanca,Pl. del Marqués de Salamanca
Colegio Público Luis Bello,Instalaciones accesibles NO municipales,Calle Luis Cabrera 66,1614.82,Bicipark Salamanca,Pl. del Marqués de Salamanca
Colegio Público Marqués de Suanzes,Instalaciones accesibles NO municipales,Avenida Veinticinco De Septiembre 1,6255.87,Bicipark Salamanca,Pl. del Marqués de Salamanca
Colegio Público Martínez Montañés,Instalaciones accesibles NO municipales,Calle Hacienda De Pavones 223,5957.02,Bicipark Salamanca,Pl. del Marqués de Salamanca
Colegio Público Méjico (México),Instalaciones accesibles NO municipales,Avenida Badajoz 74,3487.07,Bicipark Salamanca,Pl. del Marqués de Salamanca
Colegio Público Nuestra Señora de la Paloma,Instalaciones accesibles NO municipales,Calle Tabernillas 2,2371.2,Bicipark Recoletos,"Paseo de Recoletos, 2"
Colegio Público Parque Aluche,Instalaciones accesibles NO municipales,Calle Quero 47,2660.71,Bicipark Aviación,Parking Aviación Española
Colegio Público Pinar de San José,Instalaciones accesibles NO municipales,Calle Patrimonio De La Humanidad 39,3138.19,Bicipark Aviación,Parking Aviación Española
Colegio Público Reina Victoria,Instalaciones accesibles NO municipales,Calle Principe De Vergara 61,358.92,Bicipark Salamanca,Pl. del Marqués de Salamanca
Colegio Público San Juan de la Cruz,Instalaciones accesibles NO municipales,Calle Honduras 10,1435.65,Bicipark Recuerdo,"Calle Hiedra, 26"
Colegio Público Tomás Bretón,Instalaciones accesibles NO municipales,Calle Alejandro Dumas 4,3382.28,Bicipark Montalban,"Calle de Montalbán, 5"
Colegio Público Virgen del Cerro,Instalaciones accesibles NO municipales,Calle Mohernando 1,5087.3,Bicipark Salamanca,Pl. del Marqués de Salamanca
Colegio Público de Educación Especial Francisco del Pozo,Instalaciones accesibles NO municipales,Callejon Domine 6,2580.47,Bicipark Recuerdo,"Calle Hiedra, 26"
Colegio Público de Educación Especial Fundación Goyeneche,Instalaciones accesibles NO municipales,Calle Arcos De Jalon 22,6564.59,Bicipark Salamanca,Pl. del Marqués de Salamanca
Colegio Público de Educación Especial María Soriano,Instalaciones accesibles NO municipales,Avenida Peseta 30,3322.45,Bicipark Aviación,Parking Aviación Española
Colegio Sagrado Corazón. Avenida Alfonso XIII.,Instalaciones accesibles NO municipales,Avenida Alfonso Xiii 127,1639.68,Bicipark Recuerdo,"Calle Hiedra, 26"
Colegio Santa María la Blanca,Instalaciones accesibles NO municipales,Calle Monasterio De Oseira 17,3521.25,Bicipark Pitis,"Calle Pau Arroyo del Fresno, 181"
Colegio Santo Domingo Savio,Instalaciones accesibles NO municipales,Calle Santo Domingo Savio 2,4980.9,Bicipark Salamanca,Pl. del Marqués de Salamanca
Colegio Scuola Materna Italiana de Madrid,Instalaciones accesibles NO municipales,Calle Agustin De Betancourt 1,1221.29,Bicipark Orense,"Avenida General Perón, 27"
Colegio Stella Maris La Gavia,Instalaciones accesibles NO municipales,Calle Peñaranda De Bracamonte 9,10377.98,Bicipark Salamanca,Pl. del Marqués de Salamanca
Colegio Tajamar,Instalaciones accesibles NO municipales,Calle Pio Felipe 12,4948.32,Bicipark Salamanca,Pl. del Marqués de Salamanca
Colegio Ártica,Instalaciones accesibles NO municipales,Calle Morales 25,3993.5,Bicipark Aviación,Parking Aviación Española
Comisaría de Policía (Carabanchel),Instalaciones accesibles NO municipales,Calle Padre Amigo 3,4892.97,Bicipark Aviación,Parking Aviación Española
Comisaría de Policía y Oficina de Tramitación DNI y Pasaporte (Chamartín),Instalaciones accesibles NO municipales,Avenida Pio Xii 48,756.72,Bicipark Recuerdo,"Calle Hiedra, 26"
Comisaría de Policía y Oficina de Tramitación DNI y Pasaporte (Ciudad Lineal),Instalaciones accesibles NO municipales,Travesia Virgen De La Roca 25 Posterior,2596.78,Bicipark Salamanca,Pl. del Marqués de Salamanca
Comisaría de Policía y Oficina de Tramitación DNI y Pasaporte (Fuencarral - El Pardo),Instalaciones accesibles NO municipales,Calle Mirador De La Reina 4,883.5,Bicipark Pitis,"Calle Pau Arroyo del Fresno, 181"
Comisaría de Policía y Oficina de Tramitación DNI y Pasaporte (Hortaleza),Instalaciones accesibles NO municipales,Calle Javier Del Quinto,2930.22,Bicipark Fuente de la Mora,Estación de Fuente de la Mora
Comisaría de Policía y Oficina de Tramitación DNI y Pasaporte (Latina),Instalaciones accesibles NO municipales,Avenida Poblados 51,2926.44,Bicipark Aviación,Parking Aviación Española
Comisaría de Policía y Oficina de Tramitación DNI y Pasaporte (San Blas - Canillejas),Instalaciones accesibles NO municipales,Calle Alberique 20,7057.72,Bicipark Salamanca,Pl. del Marqués de Salamanca
Comisaría de Policía y Oficina de Tramitación del DNI y Pasaporte (Usera-Villaverde 2),Instalaciones accesibles NO municipales,Calle Primitiva Gañan 6,4649.15,Bicipark Montalban,"Calle de Montalbán, 5"
Complejo Deportivo Hockey Somontes de la Comunidad de Madrid,Instalaciones accesibles NO municipales,Carretera El Pardo 41,3402.99,Bicipark Pitis,"Calle Pau Arroyo del Fresno, 181"
Comunidad de Madrid. Oficina de atención al ciudadano y oficina general de asistencia en materia de registro,Instalaciones accesibles NO municipales,Calle Gran Via 3,702.38,Bicipark Recoletos,"Paseo de Recoletos, 2"
Congreso de los Diputados,Instalaciones accesibles NO municipales,Plaza Cortes 1,682.85,Bicipark Recoletos,"Paseo de Recoletos, 2"
Consorcio Regional de Transportes Públicos Regulares de Madrid,Instalaciones accesibles NO municipales,Plaza Descubridor Diego De Ordas 3 Planta Baja,1416.19,Bicipark Almagro,"Calle Almagro, 11"
Círculo de Empresarios,Instalaciones accesibles NO municipales,Calle Marques De Villamagna 3 Planta 11,581.32,Bicipark Almagro,"Calle Almagro, 11"
Delegación Especial de Madrid. AEAT,Instalaciones accesibles NO municipales,Calle Guzman El Bueno 139,2235.36,Bicipark Orense,"Avenida General Perón, 27"
Dirección General de Vivienda y Rehabilitación. Comunidad de Madrid,Instalaciones accesibles NO municipales,Calle Maudes 17,1172.77,Bicipark Orense,"Avenida General Perón, 27"
Escuela Infantil Betaria,Instalaciones accesibles NO municipales,Calle Padre Rubio 14,1480.31,Bicipark Recuerdo,"Calle Hiedra, 26"
Escuela Infantil Conde de Elda,Instalaciones accesibles NO municipales,Calle Ponferrada 16,2742.27,Bicipark Pitis,"Calle Pau Arroyo del Fresno, 181"
Escuela Infantil Jesús Niño,Instalaciones accesibles NO municipales,Calle Florencio Garcia 12,4384.01,Bicipark Salamanca,Pl. del Marqués de Salamanca
Escuela Infantil Pequeño Koala,Instalaciones accesibles NO municipales,Camino Viejo De Vicalvaro 20,7655.82,Bicipark Salamanca,Pl. del Marqués de Salamanca
Espacio Fundación Telefónica,Instalaciones accesibles NO municipales,Calle Fuencarral 3,1042.99,Bicipark Recoletos,"Paseo de Recoletos, 2"
Espacio para mayores Las Tablas,Instalaciones accesibles NO municipales,Avenida Camino De Santiago 39,6455.1,Bicipark Pitis,"Calle Pau Arroyo del Fresno, 181"
Estación Sur de Autobuses de Madrid,Instalaciones accesibles NO municipales,Calle Mendez Alvaro 83,2905.07,Bicipark Montalban,"Calle de Montalbán, 5"
Estación ferroviaria Madrid - Chamartín - Clara Campoamor,Instalaciones accesibles NO municipales,Calle Agustin De Foxa,381.95,Bicipark Recuerdo,"Calle Hiedra, 26"
Estación ferroviaria Madrid Puerta de Atocha,Instalaciones accesibles NO municipales,Plaza Emperador Carlos V,1308.65,Bicipark Montalban,"Calle de Montalbán, 5"
Fuente de San Isidro,Instalaciones accesibles NO municipales,Paseo Ermita Del Santo 72,4327.83,Bicipark Recoletos,"Paseo de Recoletos, 2"
"Fundación Síndrome de Down, centro ocupacional Tres olivos",Instalaciones accesibles NO municipales,Calle Cueva De Montesinos 45,3388.34,Bicipark Recuerdo,"Calle Hiedra, 26"
Galería de Arte Orfila,Instalaciones accesibles NO municipales,Calle Orfila 3,210.96,Bicipark Villa de Paris,"Calle de Orellana, 23, 21"
Hipódromo de la Zarzuela,Instalaciones accesibles NO municipales,Avenida Padre Huidobro  S/N Carretera De La Coruña Km. 8,4931.05,Bicipark Pitis,"Calle Pau Arroyo del Fresno, 181"
Instalación Deportiva Canal de Isabel II,Instalaciones accesibles NO municipales,Avenida Filipinas 54,1779.64,Bicipark Orense,"Avenida General Perón, 27"
Instalación Deportiva San Vicente de Paúl,Instalaciones accesibles NO municipales,Calle Pelicano 4,5480.25,Bicipark Montalban,"Calle de Montalbán, 5"
Instalación deportiva para mayores Concepción Arenal,Instalaciones accesibles NO municipales,Calle Javier Del Quinto 12 Está Ubicado Dentro Del Centro De Servicios Sociales “Concepción Arenal”,3080.76,Bicipark Fuente de la Mora,Estación de Fuente de la Mora
Instituto de Educación Secundaria (IES) Antonio Domínguez Ortiz,Instalaciones accesibles NO municipales,Calle Andaluces 36,6697.14,Bicipark Salamanca,Pl. del Marqués de Salamanca
Instituto de Educación Secundaria (IES) Antonio Machado,Instalaciones accesibles NO municipales,Calle Alfonso Fernandez 25,3667.56,Bicipark Aviación,Parking Aviación Española
Instituto de Educación Secundaria (IES) Avenida de los Toreros,Instalaciones accesibles NO municipales,Avenida Toreros 57,1643.41,Bicipark Salamanca,Pl. del Marqués de Salamanca
Instituto de Educación Secundaria (IES) Barajas,Instalaciones accesibles NO municipales,Avenida America 119,8068.22,Bicipark Fuente de la Mora,Estación de Fuente de la Mora
Instituto de Educación Secundaria (IES) Barrio de Bilbao,Instalaciones accesibles NO municipales,Calle Villaescusa 20,5510.49,Bicipark Salamanca,Pl. del Marqués de Salamanca
Instituto de Educación Secundaria (IES) Celestino Mutis,Instalaciones accesibles NO municipales,Calle Huerta De Villaverde 15,8164.84,Bicipark Montalban,"Calle de Montalbán, 5"
Instituto de Educación Secundaria (IES) Ciudad Escolar,Instalaciones accesibles NO municipales,Carretera Colmenar Viejo 12.800,5222.06,Bicipark Pitis,"Calle Pau Arroyo del Fresno, 181"
Instituto de Educación Secundaria (IES) Ciudad de Jaén,Instalaciones accesibles NO municipales,Camino Rio 5,5279.77,Bicipark Montalban,"Calle de Montalbán, 5"
Instituto de Educación Secundaria (IES) Conde de Orgaz,Instalaciones accesibles NO municipales,Calle Napoles 56,3289.31,Bicipark Fuente de la Mora,Estación de Fuente de la Mora
Instituto de Educación Secundaria (IES) Eijo y Garay,Instalaciones accesibles NO municipales,Calle Severino Aznar Embid 6,5274.27,Bicipark Recoletos,"Paseo de Recoletos, 2"
Instituto de Educación Secundaria (IES) Fortuny,Instalaciones accesibles NO municipales,Calle Fortuny 24,491.15,Bicipark Almagro,"Calle Almagro, 11"
Instituto de Educación Secundaria (IES) Francisco Ayala,Instalaciones accesibles NO municipales,Calle Jacobeo 33,3218.24,Bicipark Aviación,Parking Aviación Española
Instituto de Educación Secundaria (IES) García Morato,Instalaciones accesibles NO municipales,Calle General Saliquet 34,2050.26,Bicipark Aviación,Parking Aviación Española
Instituto de Educación Secundaria (IES) Gregorio Marañón,Instalaciones accesibles NO municipales,Avenida El Ferrol 43,2920.54,Bicipark Pitis,"Calle Pau Arroyo del Fresno, 181"
Instituto de Educación Secundaria (IES) Isaac Newton,Instalaciones accesibles NO municipales,Calle Joaquin Lorenzo 2,2561.13,Bicipark Pitis,"Calle Pau Arroyo del Fresno, 181"
Instituto de Educación Secundaria (IES) Iturralde,Instalaciones accesibles NO municipales,Calle Nuestra Señora De La Luz 53,3624.21,Bicipark Aviación,Parking Aviación Española
Instituto de Educación Secundaria (IES) Joaquín Rodrigo,Instalaciones accesibles NO municipales,Calle Casalarreina 28,7637.92,Bicipark Salamanca,Pl. del Marqués de Salamanca
Instituto de Educación Secundaria (IES) Juana de Castilla,Instalaciones accesibles NO municipales,Calle Valdebernardo 3,6245.67,Bicipark Salamanca,Pl. del Marqués de Salamanca
Instituto de Educación Secundaria (IES) Manuel Fraga Iribarne,Instalaciones accesibles NO municipales,Avenida Niceto Alcala Zamora 54,1786.39,Bicipark Fuente de la Mora,Estación de Fuente de la Mora
Instituto de Educación Secundaria (IES) María Rodrigo,Instalaciones accesibles NO municipales,"Calle Talamanca Del Jarama, Esquina Granja De San Ildefonso",9687.75,Bicipark Salamanca,Pl. del Marqués de Salamanca
Instituto de Educación Secundaria (IES) Moratalaz,Instalaciones accesibles NO municipales,Calle Corregidor Diego De Valderrabano 35,3106.21,Bicipark Salamanca,Pl. del Marqués de Salamanca
Instituto de Educación Secundaria (IES) Nuestra Señora de la Almudena,Instalaciones accesibles NO municipales,Plaza Remonta 17,1328.35,Bicipark Orense,"Avenida General Perón, 27"
Instituto de Educación Secundaria (IES) Numancia,Instalaciones accesibles NO municipales,Calle Las Marismas 14,4168.14,Bicipark Salamanca,Pl. del Marqués de Salamanca
Instituto de Educación Secundaria (IES) Parque Aluche,Instalaciones accesibles NO municipales,Calle Maqueda 86,2331.83,Bicipark Aviación,Parking Aviación Española
Instituto de Educación Secundaria (IES) Pedro Salinas,Instalaciones accesibles NO municipales,Calle General Marva 24,3840.4,Bicipark Montalban,"Calle de Montalbán, 5"
Instituto de Educación Secundaria (IES) Príncipe Felipe,Instalaciones accesibles NO municipales,Calle Finisterre 60,2859.31,Bicipark Pitis,"Calle Pau Arroyo del Fresno, 181"
Instituto de Educación Secundaria (IES) Renacimiento,Instalaciones accesibles NO municipales,Calle Castellflorite 4,5171.29,Bicipark Aviación,Parking Aviación Española
Instituto de Educación Secundaria (IES) Salvador Dalí,Instalaciones accesibles NO municipales,Calle Verdaguer Y Garcia 2,2746.87,Bicipark Salamanca,Pl. del Marqués de Salamanca
Instituto de Educación Secundaria (IES) San Cristóbal de los Ángeles,Instalaciones accesibles NO municipales,Plaza Pinazo 7,8439.15,Bicipark Montalban,"Calle de Montalbán, 5"
Instituto de Educación Secundaria (IES) San Fernando,Instalaciones accesibles NO municipales,Carretera Colmenar Viejo Km.13500,5131.23,Bicipark Pitis,"Calle Pau Arroyo del Fresno, 181"
Instituto de Educación Secundaria (IES) San Mateo,Instalaciones accesibles NO municipales,Calle Beneficencia 4,724.8,Bicipark Villa de Paris,"Calle de Orellana, 23, 21"
Instituto de Educación Secundaria (IES) Santa Eugenia,Instalaciones accesibles NO municipales,Calle Cerro De Almodovar 5,9808.46,Bicipark Salamanca,Pl. del Marqués de Salamanca
Instituto de Educación Secundaria (IES) Tetuán de las Victorias,Instalaciones accesibles NO municipales,Calle Via Limite 14,1293.13,Bicipark Recuerdo,"Calle Hiedra, 26"
Instituto de Educación Secundaria (IES) Valdebernardo,Instalaciones accesibles NO municipales,Bulevar Indalecio Prieto 1,7243.29,Bicipark Salamanca,Pl. del Marqués de Salamanca
Instituto de Educación Secundaria (IES) Villa de Vallecas,Instalaciones accesibles NO municipales,Calle Villarino De Los Aires 14,8668.13,Bicipark Salamanca,Pl. del Marqués de Salamanca
Instituto de Educación Secundaria (IES) Villaverde,Instalaciones accesibles NO municipales,Calle Alianza 20,6753.92,Bicipark Montalban,"Calle de Montalbán, 5"
Instituto de Educación Secundaria (IES) Vista Alegre,Instalaciones accesibles NO municipales,Calle General Ricardos 177,5268.53,Bicipark Aviación,Parking Aviación Española
Intercambiador de transporte. Aeropuerto T1 - T2 - T3,Instalaciones accesibles NO municipales,Avenida Hispanidad 44,10582.51,Bicipark Fuente de la Mora,Estación de Fuente de la Mora
Intercambiador de transporte. Aeropuerto T4,Instalaciones accesibles NO municipales,Carretera M-110 250,7779.37,Bicipark Fuente de la Mora,Estación de Fuente de la Mora
Intercambiador de transporte. Aluche,Instalaciones accesibles NO municipales,Avenida Poblados 41,2563.38,Bicipark Aviación,Parking Aviación Española
Intercambiador de transporte. Avenida de América,Instalaciones accesibles NO municipales,Intercambiador Avenida De America,889.39,Bicipark Salamanca,Pl. del Marqués de Salamanca
Intercambiador de transporte. Chamartín,Instalaciones accesibles NO municipales,Calle Agustin De Foxa 40,542.17,Bicipark Recuerdo,"Calle Hiedra, 26"
Intercambiador de transporte. Moncloa,Instalaciones accesibles NO municipales,Calle Princesa 89,3006.83,Bicipark Almagro,"Calle Almagro, 11"
Intercambiador de transporte. Méndez Álvaro - Estación Sur,Instalaciones accesibles NO municipales,Calle Mendez Alvaro 83,2902.26,Bicipark Montalban,"Calle de Montalbán, 5"
Intercambiador de transporte. Nuevos Ministerios,Instalaciones accesibles NO municipales,Calle Raimundo Fernandez Villaverde 69,736.91,Bicipark Orense,"Avenida General Perón, 27"
Intercambiador de transporte. Plaza Elíptica,Instalaciones accesibles NO municipales,Plaza Eliptica 3,4816.45,Bicipark Montalban,"Calle de Montalbán, 5"
Intercambiador de transporte. Plaza de Castilla,Instalaciones accesibles NO municipales,Paseo Castellana 195,1225.77,Bicipark Recuerdo,"Calle Hiedra, 26"
Intercambiador de transporte. Príncipe Pío,Instalaciones accesibles NO municipales,Paseo Florida 2,3037.2,Bicipark Villa de Paris,"Calle de Orellana, 23, 21"
Intercambiador de transporte. Puerta del Sol,Instalaciones accesibles NO municipales,Intercambiador Puerta Del Sol,1251.87,Bicipark Recoletos,"Paseo de Recoletos, 2"
Jardines del Campo del Moro,Instalaciones accesibles NO municipales,Paseo Virgen Del Puerto En Las Proximidades De La Glorieta De San Vicente,3022.73,Bicipark Villa de Paris,"Calle de Orellana, 23, 21"
La Casa Encendida de la Fundación Montemadrid,Instalaciones accesibles NO municipales,Ronda Valencia 2,1686.52,Bicipark Montalban,"Calle de Montalbán, 5"
La Neomudéjar,Instalaciones accesibles NO municipales,Calle Antonio Nebrija  Sin Número,1694.79,Bicipark Montalban,"Calle de Montalbán, 5"
Mercado de San Miguel,Instalaciones accesibles NO municipales,Plaza San Miguel,1971.85,Bicipark Recoletos,"Paseo de Recoletos, 2"
"Ministerio de Asuntos Exteriores, Unión Europea y Cooperación. Sede Palacio de Santa Cruz",Instalaciones accesibles NO municipales,Plaza Provincia 1,1661.09,Bicipark Recoletos,"Paseo de Recoletos, 2"
Ministerio de Defensa. Oficina de asistencia en materia de registro,Instalaciones accesibles NO municipales,Paseo Castellana 109,434.49,Bicipark Orense,"Avenida General Perón, 27"
Ministerio de Política Territorial. Delegación del Gobierno en Madrid. Oficina de asistencia en materia de registro,Instalaciones accesibles NO municipales,Calle Garcia De Paredes 65,706.7,Bicipark Almagro,"Calle Almagro, 11"
Ministerio de Sanidad. Oficina de información,Instalaciones accesibles NO municipales,Paseo Prado 18 Planta Baja (Esquina Con Calle Lope De Vega) - 20,611.69,Bicipark Montalban,"Calle de Montalbán, 5"
Ministerio del Interior. Oficina de asistencia en materia de registro,Instalaciones accesibles NO municipales,Calle Amador De Los Rios 7,332.03,Bicipark Villa de Paris,"Calle de Orellana, 23, 21"
Movistar Academy Magariños,Instalaciones accesibles NO municipales,Calle Serrano 129,1452.81,Bicipark Orense,"Avenida General Perón, 27"
Museo ABC,Instalaciones accesibles NO municipales,Calle Amaniel 29 -31,1778.49,Bicipark Villa de Paris,"Calle de Orellana, 23, 21"
Museo Arqueológico Nacional,Instalaciones accesibles NO municipales,Calle Serrano 13,537.43,Bicipark Recoletos,"Paseo de Recoletos, 2"
Museo Casa de la Moneda,Instalaciones accesibles NO municipales,Calle Doctor Esquerdo 36,1410.63,Bicipark Salamanca,Pl. del Marqués de Salamanca
Museo Los Caños del Peral. Estación de Metro Ópera,Instalaciones accesibles NO municipales,Plaza Isabel Ii 1,1913.58,Bicipark Recoletos,"Paseo de Recoletos, 2"
Museo Lázaro Galdiano,Instalaciones accesibles NO municipales,Calle Serrano 122,1031.92,Bicipark Almagro,"Calle Almagro, 11"
Museo Nacional Centro de Arte Reina Sofía (MNCARS),Instalaciones accesibles NO municipales,Calle Santa Isabel 52,1115.49,Bicipark Montalban,"Calle de Montalbán, 5"
Museo Nacional Thyssen-Bornemisza,Instalaciones accesibles NO municipales,Paseo Prado 8,500.59,Bicipark Montalban,"Calle de Montalbán, 5"
Museo Nacional de Antropología,Instalaciones accesibles NO municipales,Calle Alfonso Xii 68,1161.94,Bicipark Montalban,"Calle de Montalbán, 5"
Museo Nacional de Ciencias Naturales,Instalaciones accesibles NO municipales,Calle Jose Gutierrez Abascal 2,1159.25,Bicipark Almagro,"Calle Almagro, 11"
Museo Naval,Instalaciones accesibles NO municipales,Paseo Prado 3,217.68,Bicipark Montalban,"Calle de Montalbán, 5"
Museo Postal y Telegráfico,Instalaciones accesibles NO municipales,Calle Tapia De Casariego 6,5842.95,Bicipark Pitis,"Calle Pau Arroyo del Fresno, 181"
Museo Tiflológico,Instalaciones accesibles NO municipales,Calle La Coruña 18,744.29,Bicipark Orense,"Avenida General Perón, 27"
Museo de América,Instalaciones accesibles NO municipales,Avenida Reyes Catolicos 6,3340.51,Bicipark Almagro,"Calle Almagro, 11"
Museo de Historia de la Comunidad Judía de Madrid,Instalaciones accesibles NO municipales,Calle Balmes 3,976.6,Bicipark Almagro,"Calle Almagro, 11"
Museo de Mineralogía,Instalaciones accesibles NO municipales,Calle Francisco Tomas Y Valiente 7 Facultad De Ciencias - Departamento Geología Y Geoquímica,6425.41,Bicipark Pitis,"Calle Pau Arroyo del Fresno, 181"
Museo de la Catedral de la Almudena,Instalaciones accesibles NO municipales,Calle Bailen 10,2448.84,Bicipark Recoletos,"Paseo de Recoletos, 2"
Museo de la Real Academia de Bellas Artes de San Fernando,Instalaciones accesibles NO municipales,Calle Alcala 13,984.54,Bicipark Recoletos,"Paseo de Recoletos, 2"
Museo del Ferrocarril de Madrid,Instalaciones accesibles NO municipales,Paseo Delicias 61,2016.05,Bicipark Montalban,"Calle de Montalbán, 5"
Museo del Prado,Instalaciones accesibles NO municipales,Paseo Prado,488.39,Bicipark Montalban,"Calle de Montalbán, 5"
Museo del Romanticismo,Instalaciones accesibles NO municipales,Calle San Mateo 13,567.97,Bicipark Villa de Paris,"Calle de Orellana, 23, 21"
Museo del Traje. Centro de Investigación del Patrimonio Etnológico (CIPE),Instalaciones accesibles NO municipales,Avenida Juan De Herrera 2,4033.29,Bicipark Almagro,"Calle Almagro, 11"
Norte Joven Fuencarral,Instalaciones accesibles NO municipales,Calle Ribadavia 20,2505.45,Bicipark Orense,"Avenida General Perón, 27"
Numen centro de atención integral,Instalaciones accesibles NO municipales,Calle Tabatinga 11 Planta Baja,5389.28,Bicipark Salamanca,Pl. del Marqués de Salamanca
Oficina Joven TIVE - Moncloa,Instalaciones accesibles NO municipales,Calle Fernando El Catolico 88,2818.16,Bicipark Almagro,"Calle Almagro, 11"
Oficina de Correos. Oficina Principal. Paseo del Prado,Instalaciones accesibles NO municipales,Paseo Prado 1,204.91,Bicipark Recoletos,"Paseo de Recoletos, 2"
Oficina de Correos. Sucursal 01. Calle Villanueva,Instalaciones accesibles NO municipales,Calle Villanueva 30,790.88,Bicipark Montalban,"Calle de Montalbán, 5"
Oficina de Correos. Sucursal 02. Calle Luis Vives,Instalaciones accesibles NO municipales,Calle Luis Vives 12,1582.14,Bicipark Salamanca,Pl. del Marqués de Salamanca
Oficina de Correos. Sucursal 03. Calle Maudes,Instalaciones accesibles NO municipales,Calle Maudes 39,1374.72,Bicipark Orense,"Avenida General Perón, 27"
Oficina de Correos. Sucursal 04. Calle General Ricardos,Instalaciones accesibles NO municipales,Calle General Ricardos 212,5135.57,Bicipark Aviación,Parking Aviación Española
Oficina de Correos. Sucursal 05. Carrera de San Francisco,Instalaciones accesibles NO municipales,Carrera San Francisco 13,2581.86,Bicipark Recoletos,"Paseo de Recoletos, 2"
Oficina de Correos. Sucursal 06. Calle Claudio Coello,Instalaciones accesibles NO municipales,Calle Claudio Coello 100,781.86,Bicipark Salamanca,Pl. del Marqués de Salamanca
Oficina de Correos. Sucursal 07. Calle Palos de la Frontera,Instalaciones accesibles NO municipales,Calle Palos De La Frontera 6 Y 10,2001.02,Bicipark Montalban,"Calle de Montalbán, 5"
Oficina de Correos. Sucursal 09. Calle Mártires Concepcionistas,Instalaciones accesibles NO municipales,Calle Martires Concepcionistas 21,952.99,Bicipark Salamanca,Pl. del Marqués de Salamanca
Oficina de Correos. Sucursal 10. Calle Alburquerque,Instalaciones accesibles NO municipales,Calle Alburquerque 2,1107.94,Bicipark Almagro,"Calle Almagro, 11"
"Oficina de Correos. Sucursal 102. Avenida Ensanche de Vallecas, 106-108",Instalaciones accesibles NO municipales,Avenida Ensanche De Vallecas 106,12128.31,Bicipark Salamanca,Pl. del Marqués de Salamanca
Oficina de Correos. Sucursal 13. Avenida América,Instalaciones accesibles NO municipales,Avenida América 3,884.68,Bicipark Salamanca,Pl. del Marqués de Salamanca
Oficina de Correos. Sucursal 15. Calle Jacinto Verdaguer,Instalaciones accesibles NO municipales,Calle Jacinto Verdaguer 4,3569.28,Bicipark Montalban,"Calle de Montalbán, 5"
Oficina de Correos. Sucursal 18. Calle Pizarro,Instalaciones accesibles NO municipales,Calle Pizarro 17,1366.42,Bicipark Villa de Paris,"Calle de Orellana, 23, 21"
Oficina de Correos. Sucursal 19. Calle Chile,Instalaciones accesibles NO municipales,Calle Chile 4,1912.72,Bicipark Recuerdo,"Calle Hiedra, 26"
Oficina de Correos. Sucursal 20. Calle Alcalde López Casero,Instalaciones accesibles NO municipales,Calle Alcalde Lopez Casero 3,2638.72,Bicipark Salamanca,Pl. del Marqués de Salamanca
Oficina de Correos. Sucursal 21. Calle Antonio Arias,Instalaciones accesibles NO municipales,Calle Antonio Arias 2,1636.42,Bicipark Salamanca,Pl. del Marqués de Salamanca
Oficina de Correos. Sucursal 24. Plaza Párroco Luis Calleja,Instalaciones accesibles NO municipales,Plaza Parroco Luis Calleja 12,7254.47,Bicipark Fuente de la Mora,Estación de Fuente de la Mora
Oficina de Correos. Sucursal 25. Calle Mariano Fernández,Instalaciones accesibles NO municipales,Calle Mariano Fernandez 1,1068.7,Bicipark Orense,"Avenida General Perón, 27"
Oficina de Correos. Sucursal 26. Calle Longares,Instalaciones accesibles NO municipales,Calle Longares 30,7778.45,Bicipark Salamanca,Pl. del Marqués de Salamanca
Oficina de Correos. Sucursal 27. Calle Dobla,Instalaciones accesibles NO municipales,Calle Dobla 5,4975.69,Bicipark Aviación,Parking Aviación Española
Oficina de Correos. Sucursal 31. Calle Islas Palaos,Instalaciones accesibles NO municipales,Calle Islas Palaos 30,2922.17,Bicipark Recuerdo,"Calle Hiedra, 26"
Oficina de Correos. Sucursal 32. Plaza Rogelio Enríquez,Instalaciones accesibles NO municipales,Plaza Rogelio Enriquez 5,6339.74,Bicipark Pitis,"Calle Pau Arroyo del Fresno, 181"
Oficina de Correos. Sucursal 33. Calle Caroli,Instalaciones accesibles NO municipales,Calle Caroli 10,7867.62,Bicipark Pitis,"Calle Pau Arroyo del Fresno, 181"
Oficina de Correos. Sucursal 35. Hermanos García Noblejas,Instalaciones accesibles NO municipales,Calle Hermanos Garcia Noblejas 30,4863.41,Bicipark Salamanca,Pl. del Marqués de Salamanca
Oficina de Correos. Sucursal 36. Calle Orense,Instalaciones accesibles NO municipales,Calle Julias Besteiro  Esquina San Germán,371.54,Bicipark Orense,"Avenida General Perón, 27"
Oficina de Correos. Sucursal 37. Calle Marqués de Corbera,Instalaciones accesibles NO municipales,Avenida Marques De Corbera 27,2881.62,Bicipark Salamanca,Pl. del Marqués de Salamanca
Oficina de Correos. Sucursal 38. Calle Sierra de Gador,Instalaciones accesibles NO municipales,Calle Sierra Gador 50,8307.73,Bicipark Salamanca,Pl. del Marqués de Salamanca
Oficina de Correos. Sucursal 39. Calle Arroyo de la Media Legua,Instalaciones accesibles NO municipales,Calle Arroyo De La Media Legua 56,3457.46,Bicipark Salamanca,Pl. del Marqués de Salamanca
Oficina de Correos. Sucursal 40. Calle Tellez,Instalaciones accesibles NO municipales,Calle Tellez 27,2225.66,Bicipark Montalban,"Calle de Montalbán, 5"
Oficina de Correos. Sucursal 41. Calle Sáhara,Instalaciones accesibles NO municipales,Calle Sahara 42 Y 44,7039.5,Bicipark Montalban,"Calle de Montalbán, 5"
Oficina de Correos. Sucursal 42. Centro Comercial La Vaguada,Instalaciones accesibles NO municipales,Avenida Monforte De Lemos 36,2644.45,Bicipark Pitis,"Calle Pau Arroyo del Fresno, 181"
Oficina de Correos. Sucursal 44. Calle Padre Rubio,Instalaciones accesibles NO municipales,Calle Padre Rubio 43,1675.29,Bicipark Recuerdo,"Calle Hiedra, 26"
Oficina de Correos. Sucursal 45. Avenida Valladolid,Instalaciones accesibles NO municipales,Avenida Valladolid 39,3988.06,Bicipark Villa de Paris,"Calle de Orellana, 23, 21"
Oficina de Correos. Sucursal 46. Calle Guzmán el Bueno,Instalaciones accesibles NO municipales,Calle Guzman El Bueno 86,2447.41,Bicipark Almagro,"Calle Almagro, 11"
Oficina de Correos. Sucursal 47. Calle Mar Caspio,Instalaciones accesibles NO municipales,Calle Mar Caspio 10,2534.0,Bicipark Fuente de la Mora,Estación de Fuente de la Mora
Oficina de Correos. Sucursal 49. Calle Condesa Vega del Pozo,Instalaciones accesibles NO municipales,Calle Condesa Vega Del Pozo 29 Y 31,8685.19,Bicipark Salamanca,Pl. del Marqués de Salamanca
Oficina de Correos. Sucursal 50. Avenida Padre Piquer,Instalaciones accesibles NO municipales,Avenida Padre Piquer 13,2167.57,Bicipark Aviación,Parking Aviación Española
Oficina de Correos. Sucursal 51. Calle Virgen de Aránzazu,Instalaciones accesibles NO municipales,Calle Virgen De Aranzazu 31,2029.49,Bicipark Recuerdo,"Calle Hiedra, 26"
Oficina de Correos. Sucursal 52. Calle Monte Olivetti,Instalaciones accesibles NO municipales,Calle Monte Oliveti 29,3532.51,Bicipark Montalban,"Calle de Montalbán, 5"
Oficina de Correos. Sucursal 53. Calle Conde de Peñalver,Instalaciones accesibles NO municipales,Calle Conde De Peñalver 19 Bis,559.43,Bicipark Salamanca,Pl. del Marqués de Salamanca
Oficina de Correos. Sucursal 54. Calle Cardenal Herrera Oria,Instalaciones accesibles NO municipales,Avenida Cardenal Herrera Oria 241,1730.23,Bicipark Pitis,"Calle Pau Arroyo del Fresno, 181"
Oficina de Correos. Sucursal 56. Calle Carlina,Instalaciones accesibles NO municipales,Calle Carlina 8,4319.06,Bicipark Aviación,Parking Aviación Española
Oficina de Correos. Sucursal 57. Plaza Movimiento Ciudadano,Instalaciones accesibles NO municipales,Plaza Movimiento Ciudadano 1,5644.7,Bicipark Montalban,"Calle de Montalbán, 5"
Oficina de Correos. Sucursal 58. Universidad Autónoma Cantoblanco,Instalaciones accesibles NO municipales,Calle Kant  Sin Número,6363.19,Bicipark Pitis,"Calle Pau Arroyo del Fresno, 181"
Oficina de Correos. Sucursal 59. Calle Alanis,Instalaciones accesibles NO municipales,Calle Alanis 1,9046.05,Bicipark Fuente de la Mora,Estación de Fuente de la Mora
Oficina de Correos. Sucursal 60. Calle Arquitecto López Otero,Instalaciones accesibles NO municipales,Calle Arquitecto Lopez Otero 3,3966.66,Bicipark Orense,"Avenida General Perón, 27"
Oficina de Correos. Sucursal 61. Camino Hormigueras,Instalaciones accesibles NO municipales,Camino Hormigueras 169,7736.31,Bicipark Salamanca,Pl. del Marqués de Salamanca
Oficina de Correos. Sucursal 62. Calle La Rioja. Alameda de Osuna,Instalaciones accesibles NO municipales,Calle La Rioja 11,8801.89,Bicipark Fuente de la Mora,Estación de Fuente de la Mora
Oficina de Correos. Sucursal 64. Aeropuerto T1. Llegadas Sala 1,Instalaciones accesibles NO municipales,Aeropuerto T1 T2 T3  Sala 1 (Llegadas),10594.13,Bicipark Fuente de la Mora,Estación de Fuente de la Mora
Oficina de Correos. Sucursal 66. Plaza Pablo Ruiz Picasso,Instalaciones accesibles NO municipales,Plaza Pablo Ruiz Picasso 1,353.16,Bicipark Orense,"Avenida General Perón, 27"
Oficina de Correos. Sucursal 72. Calle Santiago Alio,Instalaciones accesibles NO municipales,Calle Santiago Alio 10 A,5948.06,Bicipark Salamanca,Pl. del Marqués de Salamanca
Oficina de Correos. Sucursal 77. Calle Eduardo Barreiros,Instalaciones accesibles NO municipales,Calle Eduardo Barreiros 3 Y 5,5027.11,Bicipark Montalban,"Calle de Montalbán, 5"
Oficina de Correos. Sucursal 78. Centro Comercial Valdebernardo,Instalaciones accesibles NO municipales,Bulevar Jose Prat 35,7673.38,Bicipark Salamanca,Pl. del Marqués de Salamanca
Oficina de Correos. Sucursal 82. Avenida Santuario de Valverde,Instalaciones accesibles NO municipales,Avenida Santuario De Valverde 45,3382.49,Bicipark Pitis,"Calle Pau Arroyo del Fresno, 181"
Oficina de Correos. Sucursal 88. Calle Mejía Lequerica,Instalaciones accesibles NO municipales,Calle Mejia Lequerica 7,514.85,Bicipark Villa de Paris,"Calle de Orellana, 23, 21"
Oficina de Correos. Sucursal 92. Eroski Avenida Pablo Neruda,Instalaciones accesibles NO municipales,Avenida Pablo Neruda 91,5260.95,Bicipark Montalban,"Calle de Montalbán, 5"
"Oficina de Correos. Sucursal 99. Calle Pegaso, 24",Instalaciones accesibles NO municipales,Calle Pegaso 24,2705.97,Bicipark Fuente de la Mora,Estación de Fuente de la Mora
Oficina de Empleo Aluche,Instalaciones accesibles NO municipales,Calle Illescas 189,3448.09,Bicipark Aviación,Parking Aviación Española
Oficina de Empleo Argüelles,Instalaciones accesibles NO municipales,Calle Evaristo San Miguel 8,2401.97,Bicipark Villa de Paris,"Calle de Orellana, 23, 21"
Oficina de Empleo Atocha,Instalaciones accesibles NO municipales,Calle Mendez Alvaro 7,1915.27,Bicipark Montalban,"Calle de Montalbán, 5"
Oficina de Empleo Barrio de la Concepción,Instalaciones accesibles NO municipales,Calle Virgen Del Puig 5,2245.03,Bicipark Salamanca,Pl. del Marqués de Salamanca
Oficina de Empleo Barrio del Pilar,Instalaciones accesibles NO municipales,Camino Ganapanes 33,2524.96,Bicipark Pitis,"Calle Pau Arroyo del Fresno, 181"
Oficina de Empleo Ciudad Lineal,Instalaciones accesibles NO municipales,Calle Miguel Yuste 21,6177.41,Bicipark Salamanca,Pl. del Marqués de Salamanca
Oficina de Empleo Estrecho - Azca,Instalaciones accesibles NO municipales,Plaza Pablo Ruiz Picasso  Edificio Serantes,323.06,Bicipark Orense,"Avenida General Perón, 27"
Oficina de Empleo Goya,Instalaciones accesibles NO municipales,Calle O'Donnell 12,993.46,Bicipark Salamanca,Pl. del Marqués de Salamanca
Oficina de Empleo Legazpi,Instalaciones accesibles NO municipales,Paseo Acacias 23,2317.86,Bicipark Montalban,"Calle de Montalbán, 5"
Oficina de Empleo Moratalaz,Instalaciones accesibles NO municipales,Calle Hacienda De Pavones 350,6139.66,Bicipark Salamanca,Pl. del Marqués de Salamanca
Oficina de Empleo Nueva Numancia,Instalaciones accesibles NO municipales,Calle Francisco Iglesias 9,3411.61,Bicipark Montalban,"Calle de Montalbán, 5"
Oficina de Empleo Prosperidad,Instalaciones accesibles NO municipales,Calle Canillas 104,1919.74,Bicipark Salamanca,Pl. del Marqués de Salamanca
Oficina de Empleo Puerta del Angel,Instalaciones accesibles NO municipales,Glorieta Puente De Segovia 3,3660.59,Bicipark Villa de Paris,"Calle de Orellana, 23, 21"
Oficina de Empleo San Isidro,Instalaciones accesibles NO municipales,Calle Tejares 4,4221.44,Bicipark Montalban,"Calle de Montalbán, 5"
Oficina de Empleo Sanchinarro,Instalaciones accesibles NO municipales,Avenida Ingeniero Emilio Herrera 23,1421.5,Bicipark Fuente de la Mora,Estación de Fuente de la Mora
Oficina de Empleo Santa Eugenia,Instalaciones accesibles NO municipales,Calle Cabeza Mesada 5,8150.92,Bicipark Salamanca,Pl. del Marqués de Salamanca
Oficina de Empleo Usera,Instalaciones accesibles NO municipales,Calle Antonio Lopez 101,3240.19,Bicipark Montalban,"Calle de Montalbán, 5"
Oficina de Empleo Villaverde,Instalaciones accesibles NO municipales,Calle Salsipuedes 7,8366.86,Bicipark Montalban,"Calle de Montalbán, 5"
Oficina de Empleo Águeda Díez,Instalaciones accesibles NO municipales,Plaza Agueda Diez 4,5578.26,Bicipark Montalban,"Calle de Montalbán, 5"
Oficina de Tramitación de DNI y Pasaporte (Usera-Villaverde 1),Instalaciones accesibles NO municipales,Paseo Gigantes Y Cabezudos 30,6752.14,Bicipark Montalban,"Calle de Montalbán, 5"
Oficina de Tramitación del DNI y Pasaporte (Arganzuela),Instalaciones accesibles NO municipales,Paseo Virgen Del Puerto 47,3449.06,Bicipark Recoletos,"Paseo de Recoletos, 2"
Oficina de Tramitación del DNI y Pasaporte (Centro),Instalaciones accesibles NO municipales,Calle Luna 17,1505.71,Bicipark Villa de Paris,"Calle de Orellana, 23, 21"
Oficina de Tramitación del DNI y Pasaporte (Puente de Vallecas),Instalaciones accesibles NO municipales,Calle Sierra Carbonera 35,4165.33,Bicipark Montalban,"Calle de Montalbán, 5"
Oficina de Tramitación del DNI y Pasaporte (Santa Engracia),Instalaciones accesibles NO municipales,Calle Santa Engracia 18,391.22,Bicipark Almagro,"Calle Almagro, 11"
Oficina de Tramitación del DNI y Pasaporte (Tetuán),Instalaciones accesibles NO municipales,Calle Santa Valentina 2,1419.66,Bicipark Orense,"Avenida General Perón, 27"
Oficina de Tramitación del DNI y Pasaporte Doce de Octubre,Instalaciones accesibles NO municipales,Calle Doce De Octubre 7,1581.33,Bicipark Montalban,"Calle de Montalbán, 5"
Oficina de Tramitación del DNI y Pasaporte Padre Piquer,Instalaciones accesibles NO municipales,Avenida Padre Piquer 18,2046.54,Bicipark Aviación,Parking Aviación Española
Oficina de Tramitación del DNI y Pasaporte San Felipe,Instalaciones accesibles NO municipales,Calle San Felipe 7,1009.18,Bicipark Orense,"Avenida General Perón, 27"
Palacio Real de El Pardo,Instalaciones accesibles NO municipales,Calle Manuel Alonso 8,6345.26,Bicipark Pitis,"Calle Pau Arroyo del Fresno, 181"
Palacio Real de Madrid,Instalaciones accesibles NO municipales,Calle Bailen,2187.46,Bicipark Villa de Paris,"Calle de Orellana, 23, 21"
Palacio de Congresos de Madrid,Instalaciones accesibles NO municipales,Paseo Castellana 99,265.67,Bicipark Orense,"Avenida General Perón, 27"
Palacio de Cristal,Instalaciones accesibles NO municipales,Paseo Republica De Cuba 4,1079.25,Bicipark Montalban,"Calle de Montalbán, 5"
Palacio de Liria,Instalaciones accesibles NO municipales,Calle Princesa 20,2117.03,Bicipark Villa de Paris,"Calle de Orellana, 23, 21"
Palacio de Velázquez,Instalaciones accesibles NO municipales,Paseo Venezuela 2,1028.37,Bicipark Montalban,"Calle de Montalbán, 5"
Panteón de España,Instalaciones accesibles NO municipales,Calle Julian Gayarre 3,1561.13,Bicipark Montalban,"Calle de Montalbán, 5"
Parque Biológico de Madrid. Faunia,Instalaciones accesibles NO municipales,Avenida Comunidades 2,8616.05,Bicipark Salamanca,Pl. del Marqués de Salamanca
Parque Deportivo Puerta de Hierro,Instalaciones accesibles NO municipales,Carretera De La Coruña  Kilómetro 7,4557.85,Bicipark Pitis,"Calle Pau Arroyo del Fresno, 181"
Parroquia San Jenaro,Instalaciones accesibles NO municipales,Calle Vital Aza 81,4633.68,Bicipark Salamanca,Pl. del Marqués de Salamanca
Parroquia Santa Eulalia de Mérida,Instalaciones accesibles NO municipales,Calle Pedroches 5,4875.18,Bicipark Montalban,"Calle de Montalbán, 5"
Parroquia Santos Inocentes,Instalaciones accesibles NO municipales,Calle Embajadores 209,3454.51,Bicipark Montalban,"Calle de Montalbán, 5"
Parroquia Santísima Trinidad,Instalaciones accesibles NO municipales,Calle Martinez Villergas 8,3190.1,Bicipark Salamanca,Pl. del Marqués de Salamanca
Plaza de Misterios. Recinto Ferial.,Instalaciones accesibles NO municipales,Calle Misterios 1,4556.98,Bicipark Salamanca,Pl. del Marqués de Salamanca
Real Basílica San Francisco el Grande,Instalaciones accesibles NO municipales,Calle San Buenaventura 1,2698.04,Bicipark Recoletos,"Paseo de Recoletos, 2"
Residencia Mirasierra para personas con discapacidad intelectual gravemente afectadas y centro de día CAMP Mirasierra,Instalaciones accesibles NO municipales,Calle La Maso 40,1430.88,Bicipark Pitis,"Calle Pau Arroyo del Fresno, 181"
Residencia Universitaria Augustinus Nebrija,Instalaciones accesibles NO municipales,Calle Cea Bermudez 59,2701.41,Bicipark Almagro,"Calle Almagro, 11"
Residencia Universitaria Erasmo,Instalaciones accesibles NO municipales,Calle Erasmo De Rotterdam 5 Y 7,6478.95,Bicipark Pitis,"Calle Pau Arroyo del Fresno, 181"
Residencia de Estudiantes Ciudad Escolar. Comunidad de Madrid.,Instalaciones accesibles NO municipales,"Carretera Colmenar Viejo  Km. 12,800",5146.71,Bicipark Fuente de la Mora,Estación de Fuente de la Mora
Residencia de estudiantes Palacio de Barradas,Instalaciones accesibles NO municipales,Calle San Bernardo 63,1478.38,Bicipark Villa de Paris,"Calle de Orellana, 23, 21"
Residencia para mayores Juan XXIII (Aravaca),Instalaciones accesibles NO municipales,Calle Procion 10,9013.83,Bicipark Pitis,"Calle Pau Arroyo del Fresno, 181"
Residencia para mayores y centro de día Peñuelas,Instalaciones accesibles NO municipales,Calle Arganda 11,2575.06,Bicipark Montalban,"Calle de Montalbán, 5"
Residencia para personas con discapacidad intelectual gravemente afectadas y centro de día Dos de Mayo,Instalaciones accesibles NO municipales,Calle Oña 1,827.87,Bicipark Fuente de la Mora,Estación de Fuente de la Mora
Residencia y centro de día Carmen Sevilla,Instalaciones accesibles NO municipales,Calle Gabriel Montero 1,5406.67,Bicipark Salamanca,Pl. del Marqués de Salamanca
Residencia y centro de rehabilitación Duques de Lugo,Instalaciones accesibles NO municipales,Calle Adonis 1,1145.82,Bicipark Aviación,Parking Aviación Española
"Residencia, centro de día y centro ocupacional Götze",Instalaciones accesibles NO municipales,Carretera Castilla 5,6652.86,Bicipark Pitis,"Calle Pau Arroyo del Fresno, 181"
"Residencia, centro de día y centro ocupacional Ángel de la Guarda",Instalaciones accesibles NO municipales,Avenida Daroca 60,2975.07,Bicipark Salamanca,Pl. del Marqués de Salamanca
Sala Alcalá 31,Instalaciones accesibles NO municipales,Calle Alcala 31,706.17,Bicipark Recoletos,"Paseo de Recoletos, 2"
Sala El Águila,Instalaciones accesibles NO municipales,Calle Ramirez De Prado 3,2031.77,Bicipark Montalban,"Calle de Montalbán, 5"
Sala de Arte Joven,Instalaciones accesibles NO municipales,Avenida America 13,966.65,Bicipark Salamanca,Pl. del Marqués de Salamanca
Sala de exposiciones Fundación Canal (Castellana 214),Instalaciones accesibles NO municipales,Paseo Castellana 214,1403.82,Bicipark Orense,"Avenida General Perón, 27"
"Sala de exposiciones Fundación Canal (Mateo Inurria, 2)",Instalaciones accesibles NO municipales,Calle Mateo Inurria 2,1190.8,Bicipark Recuerdo,"Calle Hiedra, 26"
Sala de exposiciones Fundación MAPFRE Recoletos,Instalaciones accesibles NO municipales,Paseo Recoletos 23,250.43,Bicipark Recoletos,"Paseo de Recoletos, 2"
Sede QuedaT.com Arganzuela,Instalaciones accesibles NO municipales,Calle Juana Doña 7,2400.15,Bicipark Montalban,"Calle de Montalbán, 5"
Sede QuedaT.com Barajas,Instalaciones accesibles NO municipales,Calle Autogiro 1,8993.44,Bicipark Fuente de la Mora,Estación de Fuente de la Mora
Sede QuedaT.com Carabanchel,Instalaciones accesibles NO municipales,Calle Ramon Sainz 27,5111.96,Bicipark Aviación,Parking Aviación Española
Sede QuedaT.com Centro,Instalaciones accesibles NO municipales,Calle Juanelo 2,1701.48,Bicipark Recoletos,"Paseo de Recoletos, 2"
Sede QuedaT.com Chamartín,Instalaciones accesibles NO municipales,Pasaje Doña Carlota 13,2649.66,Bicipark Salamanca,Pl. del Marqués de Salamanca
Sede QuedaT.com Fuencarral-El Pardo (Centro Comunitario Guatemala),Instalaciones accesibles NO municipales,Calle Celanova 2,2935.87,Bicipark Pitis,"Calle Pau Arroyo del Fresno, 181"
Sede QuedaT.com Hortaleza,Instalaciones accesibles NO municipales,Calle Mar Amarillo 4,2643.4,Bicipark Fuente de la Mora,Estación de Fuente de la Mora
Sede QuedaT.com Latina,Instalaciones accesibles NO municipales,Calle La Latina 25,4111.37,Bicipark Aviación,Parking Aviación Española
Sede QuedaT.com Moratalaz,Instalaciones accesibles NO municipales,Calle Corregidor Alonso De Tobar 15,4513.71,Bicipark Salamanca,Pl. del Marqués de Salamanca
Sede QuedaT.com Puente de Vallecas,Instalaciones accesibles NO municipales,Calle Cardeñosa 18,4358.06,Bicipark Montalban,"Calle de Montalbán, 5"
Sede QuedaT.com San Blas-Canillejas,Instalaciones accesibles NO municipales,Calle San Faustino 14,7382.58,Bicipark Fuente de la Mora,Estación de Fuente de la Mora
Sede QuedaT.com Tetuán,Instalaciones accesibles NO municipales,Calle Cedros 3,1586.88,Bicipark Orense,"Avenida General Perón, 27"
Sede QuedaT.com Usera,Instalaciones accesibles NO municipales,Calle Miramadrid 1,4415.98,Bicipark Montalban,"Calle de Montalbán, 5"
Sede QuedaT.com Vicálvaro,Instalaciones accesibles NO municipales,Plaza Juan Benet 9,7056.64,Bicipark Salamanca,Pl. del Marqués de Salamanca
Sede QuedaT.com Villa de Vallecas,Instalaciones accesibles NO municipales,Calle Sierra Gador 19,8281.55,Bicipark Salamanca,Pl. del Marqués de Salamanca
Sede QuedaT.com Villaverde,Instalaciones accesibles NO municipales,Calle Albino Hernández Lázaro 36,8436.64,Bicipark Montalban,"Calle de Montalbán, 5"
Servicio de Documentación y Biblioteca de la Asamblea de Madrid,Instalaciones accesibles NO municipales,Plaza Asamblea De Madrid 1,5018.35,Bicipark Montalban,"Calle de Montalbán, 5"
Servicios centrales. Servicio Público de Empleo Estatal,Instalaciones accesibles NO municipales,Calle Victor De La Serna 43,1798.44,Bicipark Recuerdo,"Calle Hiedra, 26"
Tanatorio Parque de San Isidro de Madrid,Instalaciones accesibles NO municipales,Calle Comuneros De Castilla 15,4225.42,Bicipark Recoletos,"Paseo de Recoletos, 2"
Tanatorio Sur de Madrid,Instalaciones accesibles NO municipales,Calle Ildefonso Gonzalez Valencia 1,6064.92,Bicipark Montalban,"Calle de Montalbán, 5"
Teatro Municipal de Títeres. Parque de El Retiro,Instalaciones accesibles NO municipales,Avenida México 4 Parque De El Retiro. Entrada Por Puerta De La Independencia,466.59,Bicipark Montalban,"Calle de Montalbán, 5"
Teatros del Canal,Instalaciones accesibles NO municipales,Calle Cea Bermudez 1,1635.89,Bicipark Almagro,"Calle Almagro, 11"
WiZink Center,Instalaciones accesibles NO municipales,Calle Jorge Juan 99,1112.09,Bicipark Salamanca,Pl. del Marqués de Salamanca
Yacimiento paleontológico. Estación de Metro Carpetana,Instalaciones accesibles NO municipales,Calle Via Carpetana 141,4835.42,Bicipark Aviación,Parking Aviación Española
